Abe,1477
Aby,1500
Ace,1512
Ada,1523
Ade,1512
Adi,1524
Aki,1488
Ala,1524
Aly,1500
Ami,1500
Amo,1511
Amy,1500
Ana,1521
Ani,1488
Ann,1524
Ari,1500
Art,1488
Ash,1535
Ava,1511
Ave,1500
Azi,1488
Blu,1512
Bob,1488
Boe,1476
Bre,1500
Bri,1500
Bud,1523
Cal,1512
Cam,1500
Che,1500
Dak,1403
Dan,1513
Dax,1500
Day,1500
Deb,1488
Dez,1464
Doc,1466
Dom,1488
Don,1454
Dot,1488
Dre,1477
Dru,1488
Ean,1500
Eda,1512
Ede,1513
Edi,1524
Edy,1488
Ein,1464
Ela,1512
Ele,1500
Eli,1512
Ell,1500
Ema,1488
Eme,1512
Emi,1524
Emy,1512
Ena,1500
Eva,1500
Eve,1512
Evo,1512
Evy,1476
Fay,1512
Fey,1512
Fin,1500
Flo,1500
Fox,1512
Gay,1466
Gem,1534
Gus,1512
Hal,1512
Han,1464
Hue,1523
Ian,1488
Ida,1478
Ike,1500
Ila,1477
Ima,1500
Ira,1500
Ire,1477
Isa,1444
Ish,1466
Iva,1500
Ivy,1500
Jay,1488
Jeb,1500
Jem,1512
Jen,1523
Jep,1499
Jet,1511
Jim,1511
Job,1478
Joe,1488
Joh,1476
Jon,1454
Joy,1525
Jud,1443
Kam,1511
Kat,1512
Kay,1512
Kel,1500
Ken,1500
Kim,1488
Kip,1489
Kit,1464
Lad,1466
Lea,1511
Lee,1479
Lem,1476
Leo,1476
Les,1512
Lex,1488
Lia,1488
Lil,1431
Lis,1488
Liv,1536
Liz,1488
Lou,1500
Lyn,1466
Mac,1490
Mae,1512
Mat,1488
May,1512
Meg,1488
Mit,1488
Nat,1512
Nel,1500
Neo,1466
Nic,1478
Nik,1500
Nil,1512
Oak,1500
Obi,1477
Oby,1500
Ode,1463
Ohm,1500
Oma,1500
Omi,1477
Ova,1443
Pai,1477
Pax,1523
Peg,1500
Phi,1488
Poe,1489
Rad,1465
Rae,1465
Raj,1488
Ram,1488
Ray,1500
Red,1500
Reg,1500
Rem,1512
Rey,1512
Rip,1422
Rob,1477
Rod,1476
Ron,1500
Roy,1477
Sam,1512
Sky,1488
Sly,1488
Stu,1500
Sun,1512
Tab,1500
Tad,1512
Tag,1500
Tai,1500
Taj,1477
Tay,1465
Tea,1477
Ted,1511
Tee,1451
Teo,1424
Tes,1500
Tex,1476
Tim,1488
Tin,1487
Tip,1488
Tod,1500
Tom,1500
Tor,1444
Tre,1500
Tri,1500
Tru,1500
Ula,1500
Uma,1466
Uno,1500
Uri,1413
Ute,1500
Val,1532
Van,1536
Vay,1488
Via,1500
Vic,1478
Vin,1500
Viv,1557
Von,1524
Vue,1512
Wes,1476
Woo,1511
Zed,1501
Zen,1466
Zoe,1465